run_id,design,workload,session,source_tag,clock_otbn_hz,clock_ibex_hz,calls,mul_retired,mul_stall,mul_fetch,mul_self_cycles,app_retired,app_span,host_execute_wait,protocol_total,scope_total,text_bytes,dmem_bytes,err_bits,kat_pass,elf_sha256,rtl_sha
p7-B0-p256_keygen,B0,p256_keygen,chip_sim_verilator,measured,125000000,,,,,,,573922,767972,,,,,,,True,f4d64e80ce771d342e28609243cba78dcc0aa3b3561294196df3048e2250ba15,
p7-B0-p256_ecdh,B0,p256_ecdh,chip_sim_verilator,measured,125000000,,,,,,,581607,796312,,,,,,,True,f4d64e80ce771d342e28609243cba78dcc0aa3b3561294196df3048e2250ba15,
p7-B0-mlkem768_encap,B0,mlkem768_encap,chip_sim_verilator,measured,125000000,,,,,,,118979,171654,,,,,,,True,f4d64e80ce771d342e28609243cba78dcc0aa3b3561294196df3048e2250ba15,
p7-B1-p256_keygen,B1,p256_keygen,chip_sim_verilator,measured,125000000,,,,,,,573922,767972,,,,,,,True,f4d64e80ce771d342e28609243cba78dcc0aa3b3561294196df3048e2250ba15,
p7-B1-p256_ecdh,B1,p256_ecdh,chip_sim_verilator,measured,125000000,,,,,,,581607,796312,,,,,,,True,f4d64e80ce771d342e28609243cba78dcc0aa3b3561294196df3048e2250ba15,
p7-B1-mlkem768_encap,B1,mlkem768_encap,chip_sim_verilator,measured,125000000,,,,,,,118979,171654,,,,,,,True,f4d64e80ce771d342e28609243cba78dcc0aa3b3561294196df3048e2250ba15,
p7-A0-p256_keygen,A0,p256_keygen,chip_sim_verilator,measured,125000000,,,,,,,84679,499648,,,,,,,True,,
p7-A0-p256_ecdh,A0,p256_ecdh,chip_sim_verilator,measured,125000000,,,,,,,91893,528693,,,,,,,True,,
p7-A0-mlkem768_encap,A0,mlkem768_encap,chip_sim_verilator,measured,125000000,,,,,,,118979,,,,,,,,True,,
p7-A1-p256_keygen,A1,p256_keygen,chip_sim_verilator,measured,125000000,,,,,,,84679,442108,,,,,,,True,,
p7-A1-p256_ecdh,A1,p256_ecdh,chip_sim_verilator,measured,125000000,,,,,,,91893,471061,,,,,,,True,,
p7-A0-percall-ECDH,A0,p256_ecdh,trace_analysis,measured,125000000,,9599,1,27,1,30,,,,,,,,,,,
p7-A1-percall-ECDH,A1,p256_ecdh,trace_analysis,measured,125000000,,9599,1,21,1,24,,,,,,,,,,,
p7-A0-protocol-phase1_keygen,A0,phase1_keygen,chip_sim_verilator,measured,125000000,,,,,,,,,139546,889760,,,,,,,
p7-A0-protocol-phase2_alice_encap,A0,phase2_alice_encap,chip_sim_verilator,measured,125000000,,,,,,,,,171774,1053444,,,,,,,
p7-A0-protocol-phase2_bob_decap,A0,phase2_bob_decap,chip_sim_verilator,measured,125000000,,,,,,,,,217252,1209618,,,,,,,
p7-A1-protocol-phase1_keygen,A1,phase1_keygen,chip_sim_verilator,measured,125000000,,,,,,,,,139546,832200,,,,,,,
p7-A2-projected-p256_ecdh,A2,p256_ecdh,model,projected,125000000,,,,,,,,296210,,,,,,,,,
p7-A2-projected-p256_keygen,A2,p256_keygen,model,projected,125000000,,,,,,,,289003,,,,,,,,,
