design,period_ns,slack_ns,fmax_mhz_of_that_point,startpoint,endpoint
A0,8.000,-7.0239,125,_321079_/Q,_282595_/D
A0,7.500,-7.5239,133.333,_321079_/Q,_282595_/D
A0,7.000,-8.0239,142.857,_321079_/Q,_282595_/D
A0,6.500,-8.5239,153.846,_321079_/Q,_282595_/D
A0,6.000,-9.0239,166.667,_321079_/Q,_282595_/D
A1,8.000,-6.4325,125,_315811_/Q,_275689_/D
A1,7.500,-6.9325,133.333,_315811_/Q,_275689_/D
A1,7.000,-7.4325,142.857,_315811_/Q,_275689_/D
A1,6.500,-7.9325,153.846,_315811_/Q,_275689_/D
A1,6.000,-8.4325,166.667,_315811_/Q,_275689_/D
B0,8.000,-6.4249,125,_300307_/Q,_260106_/D
B0,7.500,-6.9249,133.333,_300307_/Q,_260106_/D
B0,7.000,-7.4249,142.857,_300307_/Q,_260106_/D
B0,6.500,-7.9249,153.846,_300307_/Q,_260106_/D
B0,6.000,-8.4249,166.667,_300307_/Q,_260106_/D
L1,8.000,-3.4113,125,_13360_/Q,_12510_/D
L1,7.500,-3.9113,133.333,_13360_/Q,_12510_/D
L1,7.000,-4.4113,142.857,_13360_/Q,_12510_/D
L1,6.500,-4.9113,153.846,_13360_/Q,_12510_/D
L1,6.000,-5.4113,166.667,_13360_/Q,_12510_/D
