design,source_tag,batch,period_ns,slack_ns,delay_ns,fmax_of_point_mhz,startpoint,endpoint
A0,measured,lo(6-8ns),6.0,-9.0239,15.0239,166.7,_321079_/Q,_282595_/D
A0,measured,lo(6-8ns),6.5,-8.5239,15.0239,153.8,_321079_/Q,_282595_/D
A0,measured,lo(6-8ns),7.0,-8.0239,15.0239,142.9,_321079_/Q,_282595_/D
A0,measured,lo(6-8ns),7.5,-7.5239,15.0239,133.3,_321079_/Q,_282595_/D
A0,measured,lo(6-8ns),8.0,-7.0239,15.0239,125.0,_321079_/Q,_282595_/D
A0,measured,hi(11-18ns),11.0,-4.0239,15.0239,90.9,_321079_/Q,_282595_/D
A0,measured,hi(11-18ns),13.0,-2.0239,15.0239,76.9,_321079_/Q,_282595_/D
A0,measured,hi(11-18ns),15.0,-0.0239,15.0239,66.7,_321079_/Q,_282595_/D
A0,measured,hi(11-18ns),16.0,0.9761,15.0239,62.5,_321079_/Q,_282595_/D
A0,measured,hi(11-18ns),18.0,2.9761,15.0239,55.6,_321079_/Q,_282595_/D
A1,measured,lo(6-8ns),6.0,-8.4325,14.4325,166.7,_315811_/Q,_275689_/D
A1,measured,lo(6-8ns),6.5,-7.9325,14.4325,153.8,_315811_/Q,_275689_/D
A1,measured,lo(6-8ns),7.0,-7.4325,14.4325,142.9,_315811_/Q,_275689_/D
A1,measured,lo(6-8ns),7.5,-6.9325,14.4325,133.3,_315811_/Q,_275689_/D
A1,measured,lo(6-8ns),8.0,-6.4325,14.4325,125.0,_315811_/Q,_275689_/D
A1,measured,hi(11-18ns),11.0,-3.4325,14.4325,90.9,_315811_/Q,_275689_/D
A1,measured,hi(11-18ns),13.0,-1.4325,14.4325,76.9,_315811_/Q,_275689_/D
A1,measured,hi(11-18ns),15.0,0.5675,14.4325,66.7,_315811_/Q,_275689_/D
A1,measured,hi(11-18ns),16.0,1.5675,14.4325,62.5,_315811_/Q,_275689_/D
A1,measured,hi(11-18ns),18.0,3.5675,14.4325,55.6,_315811_/Q,_275689_/D
B0,measured,lo(6-8ns),6.0,-8.4249,14.4249,166.7,_300307_/Q,_260106_/D
B0,measured,lo(6-8ns),6.5,-7.9249,14.4249,153.8,_300307_/Q,_260106_/D
B0,measured,lo(6-8ns),7.0,-7.4249,14.4249,142.9,_300307_/Q,_260106_/D
B0,measured,lo(6-8ns),7.5,-6.9249,14.4249,133.3,_300307_/Q,_260106_/D
B0,measured,lo(6-8ns),8.0,-6.4249,14.4249,125.0,_300307_/Q,_260106_/D
B0,measured,hi(11-18ns),11.0,-3.4249,14.4249,90.9,_300307_/Q,_260106_/D
B0,measured,hi(11-18ns),13.0,-1.4249,14.4249,76.9,_300307_/Q,_260106_/D
B0,measured,hi(11-18ns),15.0,0.5751,14.4249,66.7,_300307_/Q,_260106_/D
B0,measured,hi(11-18ns),16.0,1.5751,14.4249,62.5,_300307_/Q,_260106_/D
B0,measured,hi(11-18ns),18.0,3.5751,14.4249,55.6,_300307_/Q,_260106_/D
L1,measured,lo(6-8ns),6.0,-5.4113,11.4113,166.7,_13360_/Q,_12510_/D
L1,measured,lo(6-8ns),6.5,-4.9113,11.4113,153.8,_13360_/Q,_12510_/D
L1,measured,lo(6-8ns),7.0,-4.4113,11.4113,142.9,_13360_/Q,_12510_/D
L1,measured,lo(6-8ns),7.5,-3.9113,11.4113,133.3,_13360_/Q,_12510_/D
L1,measured,lo(6-8ns),8.0,-3.4113,11.4113,125.0,_13360_/Q,_12510_/D
L1,measured,hi(11-18ns),11.0,-0.4113,11.4113,90.9,_13360_/Q,_12510_/D
L1,measured,hi(11-18ns),13.0,1.5887,11.4113,76.9,_13360_/Q,_12510_/D
L1,measured,hi(11-18ns),15.0,3.5887,11.4113,66.7,_13360_/Q,_12510_/D
L1,measured,hi(11-18ns),16.0,4.5887,11.4113,62.5,_13360_/Q,_12510_/D
L1,measured,hi(11-18ns),18.0,6.5887,11.4113,55.6,_13360_/Q,_12510_/D
