cycle,mac_micro_commit,fold_we,wdr_we,fold_f_changed,fold_phase
0,1,0,0,0,0
1,1,0,0,0,1
2,1,0,0,0,2
3,1,0,0,0,3
4,1,0,0,1,4
5,1,0,0,0,5
6,1,0,0,0,6
7,1,0,0,0,7
8,1,0,0,0,8
9,1,0,0,0,9
10,1,1,0,0,10
11,1,1,0,1,11
12,1,1,0,1,12
13,1,1,0,1,13
14,1,1,0,1,14
15,1,1,0,1,15
16,0,1,0,1,16
17,0,1,0,1,17
18,0,1,0,1,18
19,0,1,0,1,19
20,0,1,0,1,20
21,0,0,1,0,21
0,1,0,0,1,0
1,1,0,0,0,1
2,1,0,0,0,2
3,1,0,0,0,3
4,1,0,0,1,4
5,1,0,0,0,5
6,1,0,0,0,6
7,1,0,0,0,7
8,1,0,0,0,8
9,1,0,0,0,9
10,1,1,0,0,10
11,1,1,0,1,11
12,1,1,0,1,12
13,1,1,0,1,13
14,1,1,0,1,14
15,1,1,0,1,15
16,0,1,0,1,16
17,0,1,0,1,17
18,0,1,0,1,18
19,0,1,0,1,19
20,0,1,0,0,20
21,0,0,1,0,21
0,1,0,0,1,0
1,1,0,0,0,1
2,1,0,0,0,2
3,1,0,0,0,3
4,1,0,0,1,4
5,1,0,0,0,5
6,1,0,0,0,6
7,1,0,0,0,7
8,1,0,0,0,8
9,1,0,0,0,9
10,1,1,0,0,10
11,1,1,0,1,11
12,1,1,0,1,12
13,1,1,0,1,13
14,1,1,0,1,14
15,1,1,0,1,15
16,0,1,0,1,16
17,0,1,0,1,17
18,0,1,0,1,18
19,0,1,0,1,19
20,0,1,0,1,20
21,0,0,1,1,21
